0;Ausbessern;Verwandlungsmagie Zaubertrick;1 min;Berührung;V, G, M;Unmittelbar;(2 Magnetsteine) Repariert eine Bruchstelle oder einen Riss in einem Gegenstand, den du berührst.<br>Solange der Riss oder die Bruchstelle in keiner Dimension größer als 9 cm ist, bleibt keine Spur des vorherigen Schadens übrig.<br>Stellt nur die physische Form wieder her, nicht die Magie, die im Gegenstand war.;Zauberer;
0;Befall;Beschwörung Zaubertrick;1 Aktion;9 m;V, G, M;Unmittelbar;(eine lebende Fliege) Eine Wolke aus Fliegen, Milben und anderen Parasiten erscheint auf einer Kreatur in Reichweite, die du sehen kannst.<br>Das Ziel muss einen CON-Rettungswurf machen.<br>Bei Fehlschlag: 1W6 Giftschaden und es bewegt sich 1,5 m in eine zufällige Richtung (1W4: 1-Norden, 2-Süden, 3-Osten, 4-Westen), wenn es sich bewegen kann und der Weg frei ist. Die Bewegung provoziert keine Gelegenheitsangriffe.;Zauberer;
0;Blitzköder;Hervorrufung Zaubertrick;1 Aktion;4,5 m;V;Unmittelbar;Du erschaffst einen Blitz aus Energie, der eine Kreatur deiner Wahl trifft, die du innerhalb der Reichweite sehen kannst.<br>Dem Ziel muss ein STR-Rettungswurf gelingen oder es wird bis zu 3 m in einer geraden Linie auf dich zugezogen und erleidet dann 1W8 Blitzschaden, wenn es sich innerhalb von 1,5 m von dir befindet.<br><br><b>Auf höheren Level:</b> Schaden steigt um je 1W8 auf Level 5, 11 und 17.;Zauberer;
0;Botschaft;Verwandlungsmagie Zaubertrick;1 Aktion;36 m;V, G, M;1 Runde (6 s) / 1 h;(1 kurzes Stück Kupferdraht) Du deutest mit dem Finger auf eine Kreatur in Reichweite und flüsterst eine Botschaft. Nur das Ziel hört die Botschaft und kann in einem Flüstern antworten, das nur du hören kannst.<br>Wirkt durch feste Gegenstände, wenn du das Ziel kennst und weißt, dass es jenseits der Barriere ist. Muss keiner geraden Linie folgen.<br>Außerhalb eines Kampfes hält das für 1 h und im Kampf für 1 Runde.<br>Blockiert durch: Magische Stille, 9 cm Stein, 1,5 m Holz, eine dünne Schicht Blei oder gewöhnliches Metall.;Zauberer;
0;Donnerschlag;Hervorrufung Zaubertrick;1 Aktion;1,5 m;G;Unmittelbar;Du erzeugst einen donnernden Klang, der 9 m weit zu hören ist.<br>Jede Kreatur, außer dir, die sich im Umkreis von 1,5 m um dich befindet, muss einen CON-Rettungswurfmachen.<br>Bei Fehlschlag: 1W6 Donnerschaden.<br><br><b>Auf höheren Level:</b> Schaden steigt um je 1W6 auf Level 5, 11 und 17.;Zauberer;
0;Dröhnende Klinge;Hervorrufung Zaubertrick;1 Aktion;Selbst (1,5 m Sphäre);G, M;1 Runde (6 s);(eine Nahkampfwaffe im Wert von mindestens 1 SM) Du schwingst die Waffe, mit der der Zauber gewirkt wurde, und führst mit ihr einen Nahkampfangriff gegen eine Kreatur im Umkreis von 1,5 m um dich herum aus.<br>Bei Treffer: normale Waffeneffekte und es wird dann bis zum Beginn deines nächsten Zuges von dröhnender Energie umhüllt. Wenn sich das Ziel bis dahin freiwillig 1,5 m oder mehr bewegt, erleidet das Ziel 1W8 Donnerschaden und der Zauber endet.<br><br><b>Auf höheren Level:</b> Auf Level 5 fügt der Nahkampfangriff zusätzlich 1W8 Donnerschaden zu, und der Schaden, den das Ziel bei einer Bewegung erleidet, erhöht sich auf 2W8. Beide Schadenswürfe erhöhen sich um je 1W8 auf Level 11 und 17.;Zauberer;
0;Einfache Illusion;Illusionsmagie Zaubertrick;1 Aktion;9 m;G, M;1 min;(Vlies) Du erschaffst ein langes oder mehrere kurze Geräusche oder ein Abbild eines Gegenstandes (ohne physische Interagierbarkeit und nicht größer als 1,5 m) in Reichweite für die Wirkungsdauer.<br>Eine Kreatur kann einen Nachforschung-Wurf gegen dein Zauberrettung-SG ausführen. Wird die Illusion erkannt verblasst diese ein wenig.;Zauberer;
0;Erde formen;Verwandlungsmagie Zaubertrick;1 Aktion;9 m;G;Unmittelbar / 1 h;Wähle ein Stück Erde oder Stein in Reichweite, das nicht größer als ein 1,5 m Würfel ist und manipuliere es wie folgt:<br><br> * Lose Erde ausheben und bis zu 1,5 m bewegen. Sie verursacht keinen Schaden beim Ablegen.<br><br> * Formen und / oder Farben erscheinen für 1 h auf Steinen oder Erde. Sie sind zu Wörtern, Mustern oder Bildern manipulierbar.<br><br> * Boden ist aus Erde oder Stein: Normales Terrain verwandelt sich für 1 h zu Schwierigen oder Schwieriges Terrain zu Normalen.<br><br>Du kannst nicht mehr als 2 der Effekte gleichzeitig aufrecht erhalten. Sie sind als Aktion aufhebbar.;Zauberer;
0;Erfrierung;Hervorrufung Zaubertrick;1 Aktion;18 m;V, G;Unmittelbar;Ein betäubender Frost entsteht auf einer Kreatur in Reichweite, die du sehen kannst.<br>Das Ziel muss einen CON-Rettungswurf machen.<br>Bei Fehlschlag: 1W6 Kälteschaden und es hat Nachteil beim nächsten Waffenangriff vor Ende seines nächsten Zuges.<br><br><b>Auf höheren Level:</b> Schaden steigt um je 1W6 auf Level 5, 11 und 17.;Zauberer;
0;Feuerpfeil;Hervorrufung Zaubertrick;1 Aktion;36 m;V, G;Unmittelbar;Ein Funkenwirbel fliegt auf eine Kreatur oder einen Gegenstand in Reichweite als Fernkampf-Zauberangriff gegen das Ziel.<br>Bei Treffer: 1W10 Feuerschaden.<br>Brennbare nicht getragene oder gehaltene Gegenstände werden bei einem Treffer entzündet.<br><br><b>Auf höheren Level:</b> Schaden steigt um je 1W10 auf Level 5, 11 und 17.;Zauberer;
0;Flammen kontrollieren;Verwandlungsmagie Zaubertrick;1 Aktion;18 m (1,5 m Würfel);G;Unmittelbar / 1h;Eine nichtmagische Flamme, die du in Reichweite sehen kannst und innerhalb eines 1,5 m Würfels ist, ist wie folgt beeinflussbar:<br><br>* Ausdehnen um 1,5 m in Richtung von Brennstoff.<br><br> * Die Flamme löschen.<br><br> * Du verdoppelst oder halbierst den Lichtbereich der Flamme oder / und veränderst ihre Farbe für 1 h.<br><br> * Einfache Formen erscheinen bis zu 1 h lang in den Flammen.<br><br>Du kannst bis zu 3 der anhaltenden Effekte gleichzeitig aufrechterhalten. Sie sind als Aktion aufhebbar.;Zauberer;
0;Freundschaft;Verzauberung Zaubertrick;1 Aktion;Selbst;G, M;Konzentration, bis zu 1 min;(Gesichts Make-Up) Für die Wirkungsdauer hast du Vorteil auf CHA-Würfe gegen eine Kreatur deiner Wahl, die dir nicht feindselig gesinnt ist.<br>Wenn der Zauber endet, begreift das Ziel, das Magie verwendet wurde, um ihre Stimmung zu beeinflussen und wird feindselig. Eine gewalttätige Kreatur könnte angreifen. Andere Kreaturen können andere Wege suchen um sich zu rächen.;Zauberer; 
0;Gedankensplitter;Verzauberung Zaubertrick;1 Aktion;18 m;V;1 Runde (6 s);Du bohrst einen desorientierenden Dorn psychischer Energie in die Gedanken einer Kreatur in Reichweite, die du sehen kannst.<br>Das Ziel muss einen INT-Rettungswurf machen.<br>Bei Fehlschlag: 1W6 psychischer Schaden und es subtrahiert 1W4 von seinem nächsten Rettungswurf vor dem Ende deines nächsten Zuges.<br><br><b>Auf höheren Level:</b> Schaden steigt um je 1W6 auf Level 5, 11 und 17.;Irrwitzige Zauberei;
0;Gift versprühen;Beschwörung Zaubertrick;1 Aktion;3 m;V, G;Unmittelbar;Eine Wolke giftiges Gas fliegt in Richtung einer Kreatur in Reichweite, die du siehst.<br>Das Ziel muss einen CON-Rettungswurf machen.<br>Bei Fehlschlag: 1W12 Giftschaden<br><br><b>Auf höheren Level:</b> Schaden steigt um je 1W12 auf Level 5, 11 und 17.;Zauberer;
0;Grünfeuerklinge;Hervorrufung Zaubertrick;1 Aktion;Selbst (1,5 m Sphäre);G, M;Unmittelbar;(eine Nahkampfwaffe im Wert von mindestens 1 SM) Zusammen mit dem Wirken des Zaubers muss ein Nahkampfangriff mit der beteiligten Waffe gegen eine Kreatur in der Reichweite des Zaubers ausgeführt werden, sonst misslingt der Zauber.<br>Bei Treffer: normale Waffeneffekte und grünes Feuer springt vom Ziel auf eine andere Kreatur deiner Wahl, die du sehen kannst und die sich innerhalb von 1,5 m zum Ziel befindet über. Die zweite Kreatur erleidet Feuerschaden gleich deinem Zauberfähigkeit-Modifikator.<br><br><b>Auf höheren Level:</b> Schaden steigt:<br>Auf Level 5 fügt der Nahkampfangriff zusätzlich 1W8 Punkte Feuerschaden zu, und der Schaden, den das zweite Ziel erleidet, steigt um 1W8 + deinem Zauberfähigkeit-Modifikator. Beide Schadensarten steigen auf Level 11 und 17 um je 1W8.;Zauberer;
0;Kalte Hand;Nekromantie Zaubertrick;1 Aktion;36 m;V, G;1 Runde (6 s);Eine geisterhafte Skeletthand erscheint im Bereich einer Kreatur in Reichweite.<br>Du machst einen Fernkampf-Zauberangriff gegen das Ziel. Diese spürt eine Grabeskälte.<br>Bei Treffer: 1W8 nekrotischer Schaden und es bekommt keine Heilung bis zum Beginn deines nächsten Zuges. Die Hand klammert sich an das Ziel. Untote Ziele sind außerdem bis zum Ende deines nächsten Zuges bei Angriffen gegen dich mit Nachteil.<br><br><b>Auf höheren Level:</b> Schaden steigt um je 1W8 auf Level 5, 11 und 17.;Zauberer;
0;Kältestrahl;Hervorrufung Zaubertrick;1 Aktion;18 m;V, G;Unmittelbar;Ein eisiger Strahl blau-weißen Lichts fliegt auf eine Kreatur in Reichweite. Du machst einen Fernkampf-Zauberangriff gegen das Ziel.<br>Bei Treffer: 1W8 Kälteschaden und seine Bewegungsgeschwindigkeit ist bis Beginn deines nächsten Zuges um 3 m reduziert.<br><br><b>Auf höheren Level:</b> Schaden steigt um je 1W8 auf Level 5, 11 und 17.;Hochelf-Herkunft;
0;Klingenbann;Bannmagie Zaubertrick;1 Aktion;Selbst;V, G;1 Runde (6 s);Du zeichnest ein Schutzzeichen in die Luft.<br>Bis Ende deines nächsten Zuges hast du Resistenz gegen Wucht-, Hieb- und Stichschaden von Waffen.;Zauberer;
0;Lagerfeuer erschaffen;Beschwörung Zaubertrick;1 Aktion;18 m (1,5 m Würfel);V, G;Konzentration, bis zu 1 min;Du erschaffst ein Lagerfeuer in Reichweite auf dem Boden, den du sehen kannst.<br>Für die Wirkungsdauer füllt das Lagerfeuer einen 1,5 m Würfel.<br>Alle Kreaturen im Bereich des Feuers müssen einen DEX-Rettungswurf machen oder erleiden 1W8 Feuerschaden, auch wenn der Bereich des Lagerfeuers zum ersten Mal betreten oder der Zug dort beendet wird.<br><br><b>Auf höheren Level:</b> Schaden steigt um je 1W8 auf Level 5, 11 und 17.;Zauberer;
0;Licht;Hervorrufung Zaubertrick;1 Aktion;Berührung;V, M;1 h;(ein Glühwürmchen oder phosphoreszierendes Moos) Du berührst einen Gegenstand (nicht größer als 3 m).<br>Für die Wirkungsdauer gibt der Gegenstand helles Licht in einem 6 m Radius und gedimmtes Licht in einem weiteren 6 m Radius aus. Die Lichtfarbe ist frei wählbar. Licht wird durch blickdichte Stoffe blockiert.<br>Vorzeitig beendbar durch erneutes Wirken oder mit einer Aktion aufheben.<br>Wenn der Gegenstand von einer feindlichen Kreatur getragen wird, muss diese einen DEX-Rettungswurf machen, um den Zauber zu verhindern.;Zauberer;
0;Magierhand;Beschwörung Zaubertrick;1 Aktion;9 m;V, G;1 min;Eine spektrale, schwebende Hand erscheint in einem Punkt deiner Wahl in Reichweite.<br>Die Hand bleibt für die Wirkungsdauer bestehen oder bis er als Aktion beendet wird, bis die Hand den 9 m Radius verlässt oder bis der Zauber erneut gewirkt wird.<br>Hand wird über eine eigene Aktion kontrolliert. Sie kann mit Gegenständen interagieren, unverschlossenen Türen öffnen. Bei Kontrolle kann sie immer bis zu 9 m bewegt werden.<br>Hand kann nicht angreifen, magische Gegenstände aktivieren oder mehr als 5 kg Gewicht tragen.;Zauberer;
0;Säurespritzer;Beschwörung Zaubertrick;1 Aktion;18 m;V, G;Unmittelbar;Du schleuderst eine Blase aus Säure.<br>Wähle 1 oder 2 Kreaturen, die sich innerhalb von 1,5 m voneinander befinden, in Reichweite.<br>Das Ziel muss einen DEX-Rettungswurf bestehen oder erleidet 1W6 Säureschaden.<br><br><b>Auf höheren Level:</b> Schaden steigt um je 1W6 auf Level 5, 11 und 17.;Zauberer;
0;Schockgriff;Hervorrufung Zaubertrick;1 Aktion;Berührung;V, G;Unmittelbar;Blitze springen aus deinen Händen und verpassen einer Kreatur, die du zu berühren versuchst, einen Schock.<br>Führe einen Nahkampf-Zauberangriff gegen das Ziel durch. Du hast einen Vorteil beim Angriffswurf, wenn das Ziel eine Metall-Rüstung trägt.<br>Bei Treffer: 1W8 Blitzschaden und kann bis zum Beginn deines nächsten Zuges keine Reaktion durchführen<br><br><b>Auf höheren Level:</b> Schaden steigt um je 1W8 auf Level 5, 11 und 17.;Zauberer;
0;Schwertexplosion;Beschwörung Zaubertrick;1 Aktion;1,5 m;V;Unmittelbar;Du erschaffst für einen Augenblick einen Kreis gespenstischer Klingen, die um dich herumfliegen.<br>Jede Kreatur in Reichweite, außer dir, muss einen DEX-Rettungswurf schaffen, um nicht 1W6 Energieschaden zu erleiden.<br><br><b>Auf höheren Level:</b> Schaden steigt um je 1W6 auf Level 5, 11 und 17.;Zauberer;
0;Tanzende Lichter;Hervorrufung Zaubertrick;1 Aktion;36 m;V, G, M;Konzentration, bis zu 1 min;(ein bisschen Phosphor oder Wychholz, oder ein Glühwürmchen) Du erschaffst bis zu 4 Lichter als Fackeln, Laternen oder Leuchtkugeln in Fackelgröße erscheinen in Reichweite und sie Schweben für die Wirkungsdauer in der Luft. Du kannst si auch zu einer humanoiden Gestalt mittlere Größe kombinieren.<br>Jedes Licht strahlt 3 m gedimmtes Licht aus.<br>Als Bonus Aktion kannst du die Lichter bis zu 18 m an einen neuen Ort bewegen. Die Lichter müssen sich zueinander in einem Abstand von bis zu 6 m befinden.<br>Sie erlöschen außerhalb der Reichweite des Zaubers.;Zauberer;
0;Taschenspielerei;Verwandlungsmagie Zaubertrick;1 Aktion;Selbst / 3 m;V, G;bis zu 1 h;Du erzeugst einen der folgenden magischen Effekte:<br> * Unmittelbarer, harmloser, sensorischer Effekt (Funkenregen, Windstoß, leise Melodie, merkwürdiger Geruch, ...)<br> * Du entzündest oder löschst eine Kerze, Fackel oder kleines Lagerfeuer.<br> * Gegenstand mit nicht mehr als 30 cm Größe säubern oder verschmutzen.<br> * Nichtlebendes Material nicht größer als 30 cm abkühlen, erhitzen oder würzen, hält für 1 h.<br> * Farbfleck, Mal oder Symbol für 1 h auf Gegenstand oder deiner Haut erscheinen lassen.<br> * Du erzeugst nichtmagischen Schmuck oder eine Illusion in Handgröße, bleibt für 1 h erhalten.<br> * Du kannst dein Äußeres leicht verändern (säubern, hübsche Kleidung als Illusion, ...), hält mind .1 h.<br><br>Bis zu 3 langfristige Effekt gleichzeitig erhaltbar, diese auch durch Aktion aufhebbar;Zauberer;
0;Thaumaturgie;Verwandlungsmagie Zaubertrick;1 Aktion;9 m;V;Konzentration, bis zu 1 min;Du erzeugst einen der folgenden magischen Effekte in Reichweite:<br> * Deine Stimme klingt 1 min lang bis zu 3x so laut wie sonst.<br> * Lässt 1 min lang Flammen auflodern, stärker oder schwächer leuchten oder ihre Farbe ändern.<br> * Du verursachst 1 min lang ein harmloses Erdbeben.<br> * Du erzeugst einen unmittelbaren Klang, der von einem Punkt deiner Wahl in Reichweite ausgeht.<br> * Lässt unmittelbar eine unverschlossene Tür oder ein unverschlossenes Fenster auffliegen oder zuschlagen.<br> * Du veränderst 1 min lang das Aussehen deiner Augen.<br>Bis zu 3 der 1 min Effekte gleichzeitig wirken, als Aktion einen der Effekte beenden.;Infernales Erbe;
0;Wasser formen;Verwandlungsmagie Zaubertrick;1 Aktion;9 m;G;Unmittelbar / 1 h;Wähle eine Wasserfläche in Reichweite, die nicht größer als ein 1,5 m Würfel ist und manipuliere sie wie folgt:<br><br> * Du bewegst das Wasser um bis zu 1,5 m oder änderst anderweitig den Wasserstrom. Die Veränderung verursacht keinen Schaden.<br><br> * Du formst Formen mit dem Wasser. Es bewegt sich auf deine Anweisungen und hält die Formen für 1 h.<br><br> * Die Farbe oder Deckkraft verändert sich für 1 h, aber immer auf dieselbe Weise.<br><br> * Du frierst das Wasser ohne Lebewesen darin ein. Es taut nach 1 h wieder auf.<br><br>Du kannst nicht mehr als 2 der Effekte gleichzeitig aufrechterhalten. Sie sind als Aktion aufhebbar.;Zauberer;
0;Windbö;Verwandlungsmagie Zaubertrick;1 Aktion;9 m;G;Unmittelbar;Du greifst die Luft und erzeugst einen der folgenden Effekte in Reichweite:<br><br> * Kreaturen kleiner oder mittlerer Größe, die du wählst, müssen einen STR-Rettungswurf bestehen oder wird 1,5 m von dir weggestoßen<br><br> * Der Windstoß bewegt einen kleinen, nicht gehaltenen Gegenstand (leichter als 2,5 kg) bis zu 3 m von dir weg. Diese Bewegung verursacht keinen Schaden.<br><br> * Du erzeugst einen harmlosen, sensorischen Effekt.;Zauberer;
0;Zauberhafte Explosion;Hervorrufung Zaubertrick;1 Aktion;36 m;V, G;Unmittelbar;Du schleuderst magische Energie auf eine Kreatur oder ein Objekt in Reichweite.<br>Du machst einen Fernkampf-Zauberangriff gegen das Ziel.<br>Bei Treffer: 1W8 Schaden von einem der folgenden Typen (selbst wählbar): Säure, Kälte, Feuer, Blitz, Gift, Psychisch oder Schall.<br>Wenn du für den Schaden eine 8 würfelst, kannst du einen weiteren W8 werfen und diesen zum Schaden addieren. Die Anzahl maximal hinzufügbarer Würfelwürfe entspricht deinem Zauberfähigkeit-Modifikator.<br><br><b>Auf höheren Level:</b> Schaden steigt um je 1W8 auf Level 5, 11 und 17.;Zauberer;
0;Zielsicherer Schlag;Erkenntnismagie Zaubertrick;1 Aktion;9 m;G;Konzentration, bis zu 1 Runde;Durch magische Einsicht kannst du einen Angriff mit der im Zauber verwendeten Waffe machen in dem du deine Zauberfähigkeit als Angriffs- und Schadensmodifikator verwendest, anstelle von deinem STR- oder DEX-Modifikator. Der Schadenstyp ist entweder der von der Waffe oder Strahlenschaden (deine Entscheidung).;Zauberer;
1;Arme von Hadar;Level 1 Beschwörung;1 Aktion;Selbst (3 m Ausstrahlung);V, G;Unmittelbar;Du beschwörst magische Tentakel aus dir heraus.<br>Jede Kreatur in 3 m von dir muss einen STR-Rettungswurf machen.<br>Bei Fehlschlag: 2W6 nekrotischer Schaden und sie können keine Reaktion bis zum Beginn deines nächsten Zuges machen, sonst nehmen sie nur die Hälfte des Schadens.<br><br><b>Auf höheren Level gewirkt:</b> pro Level 1W6 mehr Schaden.;Irrwitzige Zauberei;
1;Befehl;Level 1 Verzauberung;1 Aktion;18 m;V;Unmittelbar;Du sprichst ein Machtwort zu einer Kreatur in Reichweite, die du sehen kannst. Das Ziel muss einen WIS-Rettungswurf bestehen oder den Befehl in seinem nächsten Zug ausführen. Folgende Befehle sind möglich:<br> * <b>Komm:</b> Das Ziel bewegt sich schnellstmöglich zu dir. Sein Zug endet, wenn es 1,5 m von dir entfernt ist.<br> * <b>Loslassen:</b> Das Ziel lässt fallen, was es hält, und beendet seinen Zug.<br> * <b>Flieh:</b> Das Ziel bewegt sich schnellstmöglich von dir weg. <br> * <b>Hinlegen:</b> Das Ziel legt sich hin und beendet seinen Zug.<br> * <b>Stopp:</b> Das Ziel stoppt jegliche Aktion, die es tut. Fliegende bleiben in der Luft, bewegen sich aber nicht von der Stelle.<br>Andere Wörter sind möglich. Deren ist SG von der Einschätzung des DM abhängig.<br><br><b>Auf höheren Level gewirkt:</b> pro Level 1 weitere Kreatur beeinflussen;Zauberer;
1;Brennende Hände;Level 1 Hervorrufung;1 Aktion;Selbst (4,5 m Kegel);V, G;Unmittelbar;Eine Flammenwand erscheint vor dir.<br>Kreaturen innerhalb eines 4,5 m Kegel vor dir müssen einen DEX-Rettungswurf machen.<br>Bei Fehlschlag: 3W6 Feuerschaden, sonst die Hälfte<br>Das Feuer entzündet nicht getragene oder gehaltene, brennbare Gegenstände.<br><br><b>Auf höheren Level gewirkt:</b> pro Level 1W6 mehr Feuerschaden;Zauberer;
1;Chaos Pfeil;Level 1 Hervorrufung;1 Aktion;36 m;V, G;Unmittelbar;Du wirfst Chaos-Energie nach einer Kreatur in Reichweite.<br>Führe einen Fernkampf-Zauberangriff gegen das Ziel durch.<br>Bei Treffer: 2W8 + 1W6 Schaden. Einer der W8 entscheidet über den Schadentyp (1-Säure, 2-Kälte, 3-Feuer, 4-Energie, 5-Blitz, 6-Gift, 7-Psychisch, 8-Donner).<br>Wenn beide Werte gleich sind, springt die Energie auf eine andere Kreatur in 9 m Entfernung zu dir über. Mache einen neuen Angriffs- und Schadenswurf. Die Energie kann auch hier weiterspringen.<br>Jede Kreatur kann nur einmal pro Wirken des Zaubers als Ziel gewählt werden.<br><br><b>Auf höheren Level:</b> pro Level 1W6 mehr Schaden;Zauberer;
1;Chromatische Kugel;Level 1 Hervorrufung;1 Aktion;27 m;V, G, M;Unmittelbar;(Diamant im Wert von mind. 50 GM) Du wirfst eine Säure, Kälte, Feuer, Blitz, Gift oder Schall Kugel auf eine Kreatur in Reichweite, die du sehen kannst.<br>Mache einen Fernkampf-Zauberangriff gegen das Ziel.<br>Bei Treffer: 3W8 Schaden, des gewählten Typs<br><br><b>Auf höheren Level gewirkt:</b> pro Level 1W8 mehr Schaden;Drakonische Zauberei;
1;Dissonantes Flüstern;Level 1 Verzauberung;1 Aktion;18 m;V;Unmittelbar;Du flüsterst eine missklingende Melodie, die nur eine Kreatur deiner Wahl in Reichweite hören kann.<br>Das Ziel muss einen WIS-Rettungswurf machen.<br>Bei Fehlschlag: 3W6 psychischen Schaden und es muss sich mit einer Reaktion, sofern verfügbar, so weit von dir weg bewegen wie es seine Bewegungsgeschwindigkeit erlaubt. Die Kreatur bewegt sich nicht in offensichtlich gefährliches Gelände.<br>Bei Erfolg: Die Hälfte des Schadens und es entfernt sich nicht von dir. Taube Kreaturen sind automatisch erfolgreich.<br><br><b>Auf höheren Level gewirkt:</b> pro Level 1W6 mehr Schaden;Irrwitzige Zauberei;
1;Donnerwoge;Level 1 Hervorrufung;1 Aktion;Selbst (4,5 m Würfel);V, G;Unmittelbar;Eine Woge von Schallenergie bricht aus dir heraus.<br>Alle Kreaturen in einem 4,5 m Würfel, von dir aus, müssen einen CON-Rettungswurf machen.<br>Bei Fehlschlag: 2W8 Schallschaden und 3 m von dir weggestoßen<br>Bei Erfolg: Hälfte des Schadens und nicht weggestoßen<br>Ungesicherte Objekte, die vollständig im Wirkungsbereich sind, werden 3 m weggestoßen.<br>Der Zauber bewirkt einen 90 m weit hörbaren Knall.<br><br><b>Auf höheren Level gewirkt:</b> pro Level 1W8 mehr Schallschaden;Zauberer;
1;Eismesser;Level 1 Beschwörung;1 Aktion;18 m (1,5 m Sphäre);G, M;Unmittelbar;(Wassertropfen oder Stück Eis) Du schleuderst einen Eissplitter gegen eine Kreatur in Reichweite.<br>Du machst einen Fernkampf-Zauberangriff gegen das Ziel.<br>Bei Treffer: 1W10 Stichschaden<br>Der Splitter explodiert, egal ob du getroffen hast, und lässt das Ziel und jede Kreatur in 1,5 m Radius vom Ziel aus einen DEX-Rettungswurf machen.<br>Bei Fehlschlag: 2W6 Kälteschaden<br><br><b>Auf höheren Level gewirkt:</b> pro Level 1W6 mehr Kälteschaden;Zauberer;
1;Elemente absorbieren;Level 1 Bannmagie;1 Reaktion, die du nimmst, wenn du Säure-, Kälte-, Feuer-, Blitz- oder Donnerschaden erleidest;Selbst;G;1 h;Fängt ein wenig der Energie ab, schwächt den Effekt auf dich und speichert sie für deinen nächsten Nahkampfangriff.<br>Du erhältst bis zum Beginn deines nächsten Zuges Resistenz gegen den auslösenden Schadenstyp.<br>Bei deinem ersten Nahkampfangriff in deinem nächsten Zug nimmt dein Ziel 1W6 Extraschaden des auslösenden Schadenstyps.<br><br><b>Auf höheren Level gewirkt:</b> pro Level 1W6 mehr Extraschaden;Zauberer;
1;Erdrütteln;Level 1 Hervorrufung;1 Aktion;Selbst (3 m Kreis);V, G;Unmittelbar;Du verursachst ein Beben im Boden in einem 3 m Radius um dich herum.<br>Jede Kreatur, außer dir, in dem Bereich muss einen DEX-Rettungswurf machen.<br>Bei Fehlschlag: 1W6 Wuchtschaden und sie wird auf den Boden geworfen.<br>Ein Boden aus loser Erde oder Stein wird zu schwierigen Terrain, bis er durch eine Aktion geräumt wird.<br><br><b>Auf höheren Level gewirkt:</b> pro Level 1W6 mehr Wuchtschaden;Zauberer;
1;Falsches Leben;Level 1 Nekromantie;1 Aktion;Selbst;V, G, M;1 h;(eine kleine Menge Alkohol oder Branntwein) Du erhältst für die Wirkungsdauer 1W4 + 4 temporäre TP.<br><br><b>Auf höheren Level gewirkt:</b> pro Level 5 mehr temporäre TP;Zauberer;
1;Federfall;Level 1 Verwandlungsmagie;1 Reaktion;18 m;V, M;1 min;(eine kleine Feder oder ein Stück Daune) Wähle bis zu 5 fallende Kreaturen in Reichweite.<br>Deren Fallgeschwindigkeit verlangsamt sich für die Wirkungsdauer auf 18 m pro Runde.<br>Landet eine Kreatur vor Ende des Zaubers, landet sie auf seinen Füßen und nimmt keinen Fallschaden, dann endet der Zauber für die Kreatur.;Zauberer;
1;Hexenpfeil;Level 1 Hervorrufung;1 Aktion;9 m;V, G, M;Konzentration, bis zu 1 min;(ein Ast eines, vom Blitz getroffenen, Baumes) Ein Strahl knisternder, blauer Energie schießt auf eine Kreatur in Reichweite und erschafft einen anhaltenden Blitzbogen zwischen dir und dem Ziel.<br>Du machst einen Fernkampf-Zauberangriff gegen Ziel.<br>Bei Treffer: 1W12 Blitzschaden und für die Wirkungsdauer kannst du eine Aktion ausführen, um weitere 1W12 Blitzschaden zuzufügen.<br>Der Zauber endet, wenn du mit deiner Aktion etwas anderes machst oder das Ziel außerhalb der Reichweite oder vollständig in Deckung von dir ist.<br><br><b>Auf höheren Level gewirkt:</b> pro Level 1W12 mehr Blitzschaden;Zauberer;
1;Katapult;Level 1 Verwandlungsmagie;1 Aktion;45 m;G;Unmittelbar;Wähle einen Gegenstand in Reichweite mit Gewicht zwischen 0,5 bis 2,5 kg, der nicht getragen wird.<br>Der Gegenstand fliegt in einer geraden Linie bis zu 27 m in eine von dir gewählte, Richtung bevor er zu Boden fällt. Stoppt wenn er gegen eine feste Oberfläche trifft.<br>Wenn eine Kreatur getroffen wird, muss diese einen DEX-Rettungswurf machen.<br>Bei Fehlschlag: Treffer und der Gegenstand und das getroffene Ziel oder die feste Oberfläche erleiden 3W8 Wuchtschaden<br><br><b>Auf höheren Level gewirkt:</b> pro Level 2,5 kg mehr und 1W8 mehr Wuchtschaden;Zauberer;
1;Lautloses Trugbild;Level 1 Illusionsmagie;1 Aktion;18 m;V, G, M;Konzentration, bis zu 10 min;(ein bisschen Vlies) Du erschaffst ein Abbild eines Gegenstands, einer Kreatur oder eines anderen sichtbaren Phänomens, das nicht größer als ein 4,5 m Würfel ist. Das Abbild erscheint auf einem Punkt in Reichweite und bleibt während der Wirkungsdauer bestehen. Es ist ein rein visueller Eindruck ohne andere physische Interaktionen<br>Als Aktion kann das Abbild an eine andere Position in Reichweite bewegt werden. Die Bewegung erscheint dabei natürlich.<br>Physische Interaktionen mit dem Abbild enttarnen die Illusion. Keraturen müssen zum Untersuchen einen Nachforschung-Wurf gegen deinen Zauberrettung-SG machen.<br>Bei Erfolg: Illusion wird erkannt und das Abbild wird durchscheinend.;Zauberer;
1;Magie entdecken;Level 1 Erkenntnismagie;1 Aktion;Selbst (9 m Sphäre);V, G;Konzentration, bis zu 3 min;Während der Wirkungsdauer nimmst du Magie im Abstand von bis zu 9 m von dir wahr.<br>Magie erscheint als Aura um magische Kreaturen oder Objekte und du erkennst deren magische Schule, falls vorhanden.<br>Der Zauber durchdringt Barrieren bis zu 30 cm Stein, 2,5 cm Metall, dünnes Blei oder 1 m Holz.;Hochelf-Herkunft;
1;Magierrüstung;Level 1 Verwandlungsmagie;1 Aktion;Berührung;V, G, M;8 h;(Stück gegerbtes Leder) Du berührst eine willige Kreatur, die keine Rüstung trägt.<br>Sie wird von schützender magischer Energie umgeben, bis der Zauber endet.<br>Seine RK wird zu 13 + sein DEX-Modifikator.<br>Der Zauber endet verfrüht, wenn das Ziel eine Rüstung anlegt oder du den Zauber als Aktion beendest.;Zauberer;
1;Magisches Geschoss;Level 1 Hervorrufung;1 Aktion;36 m;V, G;Unmittelbar;Du erschaffst 3 magische, leuchtende Wurfpfeile.<br>Jeder Pfeil trifft garantiert eine Kreatur in Reichweite, die du sehen kannst.<br>Schaden pro Pfeil: 1W4 + 1 Energieschaden<br>Alle Pfeile treffen gleichzeitig und du bestimmst, ob sie dieselbe Kreatur oder verschiedene treffen.<br><br><b>Auf höheren Level gewirkt:</b> pro Level 1 weiterer Pfeil;Zauberer;
1;Mit Tieren sprechen;Level 1 Erkenntnismagie (Ritual);1 Aktion;Selbst;V, G;10 min;Für die Wirkungsdauer kannst du alle Tiere verstehen und verbal mit ihnen kommunizieren.<br>Das Wissen und die Wahrnehmung vieler wird durch ihren INT-Wert eingeschränkt.<br>Grundlegende Informationen zu Orten und Monstern in der Nähe, sowie Ereignisse des letzten Tages können sie aber mitteilen.<br>Du kannst ein Tier auch zu einem kleinen Gefallen überreden.;Ring des Tierumgangs;
1;Nebelwolke;Level 1 Beschwörung;1 Aktion;36 m (6 m Sphäre);V, G;Konzentration, bis zu 1 h;Du erschaffst eine Sphäre aus Nebel mit 6 m Radius zentriert auf einen Ort in Reichweite.<br>Die Sphäre breitet sich auch um Ecken aus und ihr Bereich ist komplett verschleiert.<br>Sie bleibt für die Wirkungsdauer bestehen oder bis ein mäßiger oder stärkerer Wind (mind. 16 km/h) den Nebel auflöst.<br><br><b>Auf höheren Level gewirkt:</b> pro Level steigt der Radius um 6 m;Zauberer;
1;Person bezaubern;Level 1 Verzauberung;1 Aktion;9 m;V, G;1 h;Du versuchst einen Humanoiden in Reichweite, den du sehen kannst, zu bezaubern.<br>Er muss einen WIS-Rettungswurf machen.<br>Das Ziel hat einen Vorteil, wenn du oder deine Begleiter gegen ihn kämpfen.<br>Bei Fehlschlag: Ziel bekommt Status Bezaubert bis du oder deine Begleiter ihm Schaden machen.<br>Humanoid betrachtet dich als freundlichen Bekannten.<br>Nach Ende des Zaubers weiß die Kreatur, das sie von dir bezaubert wurde.<br><br><b>Auf höheren Level gewirkt:</b> pro Level 1 weitere Kreatur als Ziel gleichzeitig wählbar. Alle Ziele müssen in Abstand von bis zu 9 m voneinander sein.;Zauberer;
1;Rascher Rückzug;Level 1 Verwandlungsmagie;1 Bonus Aktion;Selbst;V, G;Konzentration, bis zu 10 min;Du kannst in jeder Aktion, sowie Bonus Aktion, die Sprint-Aktion verwenden.;Zauberer;
1;Schild;Level 1 Bannmagie;1 Reaktion, wenn von Angriff getroffen oder von „Magisches Geschoss“ anvisiert;Selbst;V, G;1 Runde (6 s);Eine unsichtbare Barriere aus magischer Energie schützt dich bis zum Beginn deines nächsten Zuges.<br>RK + 5, auch gegen den auslösenden Angriff und kein Schaden von „Magisches Geschoss“.;Zauberer;
1;Schlaf;Level 1 Verzauberung;1 Aktion;27 m;V, G, M;1 min;(Prise feiner Sand oder Rosenblüttenblätter oder 1 Grille) Du versetzt Kreaturen in magischen Schlaf.<br>Wirf 5W8, die Summe ergibt die maximale TP-Zahl an Kreaturen auf die der Zauber gewirkt werden kann.<br>Kreaturen in Abstand von 6 m zu Punkt deiner Wahl in Reichweite sind in aufsteigender aktueller TP-Anzahl betroffen (Bewusstlose werden ignoriert).<br>Subtrahiere die aktuellen TP jeder Kreatur von der Summe. Die aktuellen TP der nächsten zu betreffende Kreatur muss kleiner oder gleich der verbleibenden Summe sein um betroffen zu werden.<br>Jede betroffene Kreatur verliert sein Bewusstsein. Der Zustand hält an für die Wirkungsdauer, der Schlafende Schaden erleidet oder jemand den Schlafenden mit einer Aktion aufweckt.<br>Der Zauber wirkt nicht auf Untote oder Kreaturen mit Verteidigung gegen Bezauberung.<br><b>Auf höheren Level gewirkt:</b> pro Level 2W8 mehr für TP Summe;Zauberer;
1;Schmieren;Level 1 Beschwörung;1 Aktion;18 m (3 m Quadrat);V, G, M;1 min;(ein bisschen Schweineschwarte oder Butter) Schmieriges Fett bedeckt den Boden in einem 3 m Quadrat um einen Punkt in Reichweite.<br>Für die Wirkungsdauer ist dort schwieriges Terrain.<br>Jede Kreatur in dem Bereich muss einen DEX-Rettungswurf schaffen, um nicht umzufallen. Kreaturen, die den Bereich betreten oder ihren Zug darin beginnen müssen auch einen DEX-Rettungswurf bestehen oder rutschen auch aus.;Zauberer;
1;Selbstverkleidung;Level 1 Illusionsmagie;1 Aktion;Selbst;V, G;1 h;Verändert dein Aussehen, Kleidung, Rüstung, Waffen und anderen Besitz für die Wirkungsdauer.<br>Limitierungen: Maximale Größenveränderung 30 cm, Grundform deines Köpers bleibt erhalten, Kannst dünner oder dicker erscheinen<br>Genaue körperliche Untersuchungen enttarnen die Illusion. Angezauberte Gegenstände oder Körperfülle-Veränderungen haben keine physische Interaktion außer mit deinem Körper.<br>Eine Kreatur kann deine Verkleidung mit einem erfolgreichen Nachforschungswurf gegen deinen Zauberrettung-SG als Illusion erkennen.;Zauberer;
1;Silberne Widerhaken;Level 1 Verzauberung;1 Reaktion, die du nimmst, wenn eine Kreatur in 18 m von dir einen Angriffs-, Rettungs- oder sonstigen Wurf schafft;18 m;V;Unmittelbar;Du lenkst die auslösende Kreatur ab. Die muss den Wurf wiederholen und den niedrigeren Wert verwenden.<br>Du kannst eine andere Kreatur, die du in Reichweite sehen kannst, wählen. Diese hat Vorteil auf einen Angriffs-, Fertigkeit- oder Rettungswurf in der nächsten Minute. Eine Kreatur kann zeitgleich durch den Zauber nur einmal verstärkt werden.;Zauberer;
1;Sprachen verstehen;Level 1 Erkenntnismagie (Ritual);1 Aktion;Selbst;V, G, M;1 h;(eine Prise Ruß oder Salz) Für die Wirkungsdauer verstehst du jede Sprache, die du hörst oder liest, sofern du die Oberfläche berührst, auf der die Sprache geschrieben wurde.<br>Pro Seite Text brauchst du etwa 1 min.<br>Der Zauber entschlüsselt keine Geheimbotschaften oder arkane Glyphen, die nicht Teil der Sprache selbst sind.;Zauberer;
1;Springen;Level 1 Verwandlungsmagie;1 Aktion;Berührung;V, G, M;1 min;(Hinterbein einer Heuschrecke) Du berührst eine Kreatur.<br>Die Sprungdistanz der Kreatur wird verdreifacht, bis der Zauber endet.;Zauberer;
1;Sprühende Farben;Level 1 Illusionsmagie;1 Aktion;Selbst (4,5 m Kegel);V, G, M;1 Runde (6 s);(Prise Pulver oder mehrfarbiger Sand) Schillernde, bunte Lichter entspringen dir.<br>Wirf 6W10, die Summe ergibt die maximale TP-Zahl an Kreaturen auf die der Zauber gewirkt werden kann. Kreaturen im Abstand von einem 4,5 m Kegel zu dir sind in aufsteigender aktueller TP-Anzahl betroffen (Bewusstlose und Blinde werden ignoriert).<br>Subtrahiere die aktuellen TP jeder Kreatur von der Summe. Die aktuellen TP der nächsten zu betreffenden Kreatur muss kleiner oder gleich der verbleibenden Summe sein. Jede betroffene Kreatur wird blind. Der Zustand hält an für die Wirkungsdauer.<br><br><b>Auf höheren Level gewirkt:</b> pro Level 2W10 mehr;Zauberer;
1;Strahl der Übelkeit;Level 1 Nekromantie;1 Aktion;18 m;V, G;Unmittelbar;Ein Strahl aus kränklich grüner Magie fliegt auf eine Kreatur in Reichweite.<br>Du machst einen Fernkampf-Zauberangriff gegen das Ziel.<br>Bei Treffer: 2W6 Giftschaden und es muss einen CON-Rettungswurf machen.<br>-> Bei Fehlschlag: bis Ende seines nächsten Zuges ist es Vergiftet<br><br><b>Auf höheren Level gewirkt:</b> pro Level 1W8 mehr Giftschaden;Zauberer;
1;Tashas Ätzendes Gebräu;Level 1 Hervorrufung;1 Aktion;Selbst (9 m x 1,5 m Linie);V, G, M;Konzentration, bis zu 1 min;(ein Stück verdorbenes Essen) Ein Strahl aus Säure schießt von dir in einer 9 m langen und 1,5 m breiten Linie in eine von dir gewählte Richtung.<br>Jede Kreatur in der Linie muss einen DEX-Rettungswurf schaffen, um nicht für die Dauer des Zaubers mit Säure bedeckt zu sein oder bis eine Kreatur ihre Aktion nutzt, um die Säure von sich oder einer anderen Kreatur abzukratzen oder abzuwaschen. <br>Eine Kreatur, die mit der Säure bedeckt ist, erleidet zu Beginn jeder ihrer Züge 2W4 Säureschaden.<br><br><b>Auf höheren Level wirken:</b> pro Level 2W4 mehr Schaden;Zauberer;
1;Tierfreundschaft;Level 1 Verzauberung;1 Aktion;9 m;V, G, M;24 h;(etwas zu Essen) Du überzeugst ein Tier, dass du freundlich ihm gegenüber bist.<br>Wähle ein Tier in Reichweite, das du sehen kannst und das dich sehen und hören kann.<br>Es schlägt fehl, wenn der INT-Wert des Tieres größer als 3 ist.<br>Das Tier muss einen WIS-Rettungswurf machen oder es wird für die Wirkungsdauer von dir bezaubert.<br>Wenn du oder einer deiner Begleiter das Ziel verletzt, endet der Zauber.<br><br><b>Auf höheren Level gewirkt:</b> pro Level 1 zusätzliches Tier;Ring des Tierumgangs;
1;Wert verzerren;Level 1 Illusionsmagie;1 min;Berührung;V;8 h;Du wirkst diesen Zauber auf einen Gegenstand, der nicht größer als 30 cm pro Seite ist.<br>Du kannst den äußerlichen Wert verdoppeln oder halbieren.<br>Jeder, der den Gegenstand untersuchst, muss einen Nachforschung-Wurf machen.<br><br><b>Auf höheren Level gewirkt:</b> pro Level 30 cm mehr pro Seite des Gegenstands;Zauberer;
2;Aganazzars Versenger;Level 2 Hervorrufung;1 Aktion;Selbst (9 m x 1,5 m Linie);V, G, M;Unmittelbar;(eine rote Drachenschuppe) Eine 9 m lange und 1,5 m breite Linie aus Flamme geht von dir in eine von dir gewählte Richtung.<br>Jede Kreatur in der Linie muss einen DEX-Rettungswurf machen.<br>Bei Fehlschlag: 3W8 Feuerschaden, sonst die Hälfte<br><br><b>Auf höheren Level gewirkt:</b> pro Level 1W8 mehr Schaden;Zauberer;
2;Attribut verbessern;Level 2 Verwandlungsmagie;1 Aktion;Berührung;V, G, M;Konzentration, bis zu 1 h;(Fell oder Feder von einem Tier) Du berührst eine Kreatur und verleihst einen der folgenden wählbaren Effekte:<br> * <b>Anmut der Katze:</b> DEX-Würfe immer mit Vorteil und kein Fallschaden bis max 6 m<br> * <b>Ausdauer des Bären:</b> CON-Würfe immer mit Vorteil und 2W6 temporäre TP für Wirkungsdauer<br> * <b>Gerissenheit des Fuchses:</b> INT-Würfe immer mit Vorteil<br> * <b>Pracht des Adlers:</b> CHA-Würfe immer mit Vorteil<br> * <b>Stärke des Stiers:</b> STR-Würfe immer mit Vorteil und Traglast verdoppelt<br> * <b>Weisheit der Eule:</b> WIS-Würfe immer mit Vorteil<br><br><b>Auf höheren Level gewirkt:</b> pro Level 1 zusätzliche Kreatur als Ziel wählbar.;Zauberer;
2;Blindheit / Taubheit;Level 2 Nekromantie;1 Aktion;9 m;V;1 min;Ein Feind wird blind oder taub.<br>Wähle eine Kreatur in Reichweite, die du sehen kannst.<br>Das Ziel muss einen CON-Rettungswurf machen.<br>Bei Fehlschlag: Ziel ist für die Wirkungsdauer blind oder taub.<br>Am Ende jeder seiner Züge kann die betroffene Kreatur einen CON-Rettungswurf machen, bei Erfolg endet der Zauber.<br><br><b>Auf höheren Level gewirkt:</b> pro Level ein zusätzliche Kreatur als Ziel wählbar;Zauberer;
2;Dolchwolke;Level 2 Beschwörung;1 Aktion;18 m;V, G, M;Konzentration, bis zu 1 min;(Glassplitter) Du füllst die Luft in einem 1,5 m Würfel um einen Punkt in Reichweite zentriert mit wirbelnden Dolchen.<br>Kreaturen, die den Bereich des Zaubers betreten oder ihren Zug darin beginnen, erleiden 4W4 Hiebschaden.<br><br><b>Auf höheren Level gewirkt:</b> pro Level 2W4 mehr Schaden;Zauberer;
2;Drachenodem;Level 2 Verwandlungsmagie;1 Bonus Aktion;Berührung (4,5 m Kegel);V, G, M;Konzentration, bis zu 1 min;(eine scharfe Chili) Du berührst eine willige Kreatur und wählst Säure, Kälte, Feuer, Blitz oder Gift.<br>Bis der Zauber endet kann das Ziel eine Magie Aktion machen um einen 4,5 m Kegel des gewählten Elements zu speien.<br>Jede Kreatur in dem Bereich muss einen DEX-Rettungswurf machen.<br>Bei Fehlschlag: 3W8 Schaden des gewählten Typs, sonst die Hälfte<br><br><b>Auf höheren Level gewirkt:</b> pro Level 1W6 mehr Schaden;Drakonische Zauberei;
2;Dunkelheit;Level 2 Hervorrufung;1 Aktion;18 m (4,5 m Sphäre);V, M;Konzentration, bis zu 10 min;(Fledermaus-Fell und ein Kohlestück oder ein Pechtropfen) Beginnend an einem Punkt in Reichweite breitet sich eine 4,5 m Sphäre aus Dunkelheit aus, der auch um Ecken herum geht.<br>Dunkelsicht und nichtmagische Lichtquellen funktionieren nicht.<br>Der ausgehende Punkt kann auch ein Objekt sein. Dann bewegt sich die Dunkelheit mit dem Objekt mit.<br>Die Dunkelheit wird blockiert, wenn die Quelle mit einem undurchsichtigem Objekt überdeckt wird.<br>Lichterzeugende Zauber von Level 2 oder niedriger werden im Bereich der Dunkelheit gebannt.;Zauberer;
2;Dunkelsicht;Level 2 Verwandlungsmagie;1 Aktion;Berührung;V, G, M;8 h;(Prise getrocknete Karotte oder Achat) Du berührst eine willige Kreatur.<br>Du gibst ihr die Fähigkeit, im Dunkeln zu sehen. Für die Wirkungsdauer hat das Ziel Dunkelsicht mit 18 m Reichweite.;Zauberer;
2;Einflüsterung;Level 2 Verzauberung;1 Aktion;9 m;V, M;Konzentration, bis zu 8 h;(Schlangenzunge oder Stück Honigwabe oder Tropfen Süßöl) Du unterbreitest einer Kreatur in Reichweite, das du sehen kannst und die dich hören und verstehen kann, einen Vorschlag (max 2 Sätze) und beeinflusst das Ziel auf magische Weise.<br>Kreaturen, die nicht bezaubert werden können, sind immun.<br>Der Vorschlag muss angemessen umsetzbar formuliert sein. Ein Vorschlag sich selbst zu töten, beendet den Zauber.<br>Das Ziel muss einen WIS-Rettungswurf ausführen.<br>Bei Fehlschlag: Dein Vorschlag wird ausgeführt und kann für die gesamte Wirkungsdauer fortgesetzt werden. Der Zauber endet, sobald der Vorschlag ausgeführt wurde.<br>Bedingungen für besondere Aktionen können mit formuliert werden, diese müssen nicht eintreffen und ausgeführt werden.<br>Wenn du oder deine Begleiter das Ziel verletzen, endet der Zauber.;Zauberer;
2;Erdbindung;Level 2 Verwandlungsmagie;1 Aktion;90 m;V;Konzentration, bis zu 1 min;Wähle eine Kreatur in Reichweite, die du siehst.<br>Gelbe, magische Streifen umkreisen das Ziel.<br>Es muss einen STR-Rettungswurf machen oder seine Fluggeschwindigkeit wird für die Wirkungsdauer des Zaubers auf 0 reduziert.<br>Eine Kreatur in der Luft sinkt mit 18 m pro Runde zu Boden, bis der Zauber endet oder der Boden erreicht ist.;Zauberer;
2;Feuerwerk;Level 2 Verwandlungsmagie;1 Aktion;18 m;V, G;Unmittelbar;Wähle einen Bereich mit einer nichtmagischen Flamme in Reichweite, die du sehen kannst und in einen 1,5 m Würfel passt. Du kannst das Feuer löschen und erzeugst dabei Rauch oder Feuerwerk:<br><br><b>Feuerwerk:</b> Das Ziel explodiert mit schillerndem Farbenspiel. Jede Kreatur in 3m Entfernung muss einen CON-Rettungswurf bestehen oder ist bis Ende deines nächsten Zuges geblendet.<br><br><b>Rauch:</b> Dichter schwarzer Rauch breitet sich vom Ziel aus in einem 6 m Radius aus, auch um Ecken. Das Rauchgebiet ist stark vernebelt. Der Rauch bleibt für 1 min oder bis starker Wind ihn vertreibt.;Zauberer;
2;Flammenklinge;Level 2 Hervorrufung;1 Aktion;Selbst;V, G, M;Konzentration, bis zu 10 min;(Sumach-Blatt) Eine Krummsäbel-artige Flammenklinge erscheint in deiner freien Hand für die Wirkungsdauer.<br>Wenn du die Klinge loslässt, verschwindet sie und du kannst sie mit einer Bonus Aktion wieder beschwören.<br>Als Magie Aktion kannst du einen Nahkampfangriff mit der Klinge machen.<br>Bei Treffer: 3W6 Feuerschaden + dein Zauberfähigkeit-Modifikator<br>Die Flammenklinge gibt 3 m helles Licht und weitere 3 m gedimmtes Licht ab.<br><br><b>Auf höheren Level gewirkt:</b> pro Level 1W6 mehr Schaden;Zauberer;
2;Flammenkugel;Level 2 Beschwörung;1 Aktion;18 m (1,5 m Sphäre);V, G, M;Konzentration, bis zu 1 min;(Talg, Schwefel und Eisenpulver) Eine Flammende Sphäre mit 1,5 m Durchmesser erscheint an einer freien Stelle deiner Wahl in Reichweite und bleibt dort für die Wirkungsdauer bestehen. Jede Kreatur, die ihren Zug innerhalb von 1,5 m um die Sphäre beendet, muss einen DEX-Rettungswurf machen.<br>Bei Fehlschlag: 2W6 Feuerschaden, sonst die Hälfte<br>Als Bonus Aktion kannst du die Sphäre um bis zu 9 m bewegen. Wenn die Sphäre eine Kreatur rammt, muss sie einen DEX-Rettungswurf gegen den Schaden der Sphäre durchführen und die Sphäre beendet ihre Bewegung. Sie kann über bis zu 1,5 m Hürden und bis zu 3 m breite Gruben bewegt werden. Sie entzündet brennbare Gegenstände, die nicht getragen oder gehalten werden. Sie strahlt in 6 m Radius helles Licht und gedimmtes Licht für weitere 6 m aus.<br><b>Auf höheren Level gewirkt:</b> pro Level 1W6 mehr Schaden;Zauberer;
2;Fliegende Karten;Level 2 Beschwörung;1 Aktion;Selbst (4,5 m Kegel);V, G, M;Unmittelbar;(Karten-Blatt) Du wirfst einen 4,5 m Kegel an spektralen Karten.<br>Jede Kreatur in dem Bereich muss einen DEX-Rettungswurf machen.<br>Bei Fehlschlag: 2W10 Energieschaden und es wird blind bis zum Ende seines nächsten Zuges.<br>Bei Erfolg: nur die Hälfte des Schadens und nicht blind.<br><br><b>Auf höheren Level gewirkt:</b> pro Level 1W10 mehr Energieschaden;Zauberer;
2;Gefühle besänftigen;Level 2 Verzauberung;1 Aktion;18 m (6 m Sphäre);V, G;Konzentration, bis zu 1 min;Du versuchst, starke Gefühle in einer Gruppe zu unterdrücken. Alle Humanoide innerhalb einer 6 m Sphäre, auf einen Punkt in Reichweite zentriert, müssen einen CHA-Rettungswurf ausführen. Bei Fehlschlag wähle einen der folgenden Effekte aus. Eine Kreatur kann freiwillig scheitern.<br>1 .Du kannst jeden Effekt unterdrücken, der ein Ziel bezaubert oder verängstigt. Bei Ende des Zaubers wird der unterdrücke Effekt fortgesetzt, wenn dessen Wirkungsdauer nicht abgelaufen ist.<br>2. Du kannst ein Ziel feindseligen Kreaturen gegenüber gleichgültig machen. Die Gleichgültigkeit endet, wenn das Ziel angegriffen, verletzt oder einem seiner Verbündeten Schaden zugefügt wird. Bei Ende des Zaubers werden die Kreaturen wieder feindlich gesinnt.;Irrwitzige Zauberei;
2;Gedankendorn;Level 2 Erkenntnismagie;1 Aktion;18 m;G;Konzentration, bis zu 1 h;Du greifst in die Gedanken einer Kreatur in Reichweite, die du sehen kannst.<br>Das Zeil muss einen WIS-Rettungswurf machen.<br>Bei Fehlschlag: 2W8 psychischer Schaden, sonst die Hälfte. Außerdem kennst du für die Wirkungsdauer die Position des Ziels auf der selben Ebene wie du. Das Ziel kann sich nicht vor dir verstecken, auch nicht unsichtbar.<br><br><b>Auf höheren Level gewirkt:</b> pro Level 1W8 mehr Schaden;Zauberer;
2;Gedanken wahrnehmen;Level 2 Erkenntnismagie;1 Aktion;Selbst (9 m Sphäre);V, G, M;Konzentration, bis zu 1 min;(Stück Kupfer) Wenn du den Zauber wirkst und in jedem folgenden Zug auch, kannst du dich auf eine Kreatur im Abstand von bis zu 9 m, das du sehen kannst, konzentrieren. Kreaturen, die nicht sprechen können oder einen INT-Wert kleiner als 3 haben, sind nicht betroffen.<br>Du erfährst zunächst oberflächliche Gedanken. Bei tieferem Eindringen muss das Ziel einen WIS-Rettungswurf machen. Bei Fehlschlag erhältst du Einsicht in Motive, Emotionen, sowie übergeordnete Gedanken (etwas, was das Ziel beschäftigt). Bei Erfolg endet der Zauber.<br>In jedem Fall weiß das Ziel, dass du in die Gedanken eindringst.<br>Dein aktuelles Ziel kann einen INT-Wurf gegen dich machen, bei Erfolg endet der Zauber.<br>Antworten auf verbale Fragen formen natürlich als Gedanken.<br>Wenn du den Zauber wirkst, kannst du im Umkreis von 9 m nach Gedanken von anderen Kreaturen suchen. Blockiert von 60 cm Stein, 5 cm Metall oder dünnes Blei. Wenn Kreaturen aufgespürt werden, kannst du deren Gedanken, wie oben, lesen.;Irrwitzige Zauberei;
2;Gestalt verändern;Level 2 Verwandlungsmagie;1 Aktion;Selbst;V, G;Konzentration, bis zu 1 h;Du nimmst eine andere Gestalt an. Einer der folgende Effekte hält für die Wirkungsdauer. Du kannst einen Effekt beenden und mit einem anderen ersetzen.<br><b>Aquatische Anpassung:</b> Kiemen und Schwimmhäute wachsen an dir und du kannst unter Wasser atmen und deine Schwimmgeschwindigkeit entspricht deiner Laufgeschwindigkeit.<br><b>Aussehen ändern:</b> Größe, Gewicht, Gesichtszüge, Stimmklang, Haarlänge / -farbe oder andere Merkmale bis zur Spezies veränderbar, aber nicht deine Größen-Klasse oder Grundform.<br><b>Natürliche Waffen:</b> Klauen, Fangzähne, Stacheln, Hörner oder andere natürliche Waffen deiner Wahl wachsen dir. Deine waffenlosen Angriffe verursachen 1W6 Schaden, Typ je nach Waffe die du gewählt hast. Du bist geübt in waffenlosen Angriffen und die Waffe ist magisch und hat +1 Bonus auf alle Angriffs- und Schadenswürfe mit ihr.;Drakonische Zauberei;
2;Höllischer Tadel;Level 2 Hervorrufung;1 Reaktion, wenn Kreatur in 18 m Radius, die du sehen kannst, dir Schaden macht;18 m;V, G;Unmittelbar;Du deutest mit deinem Finger und die Kreatur, die dich verletzt hat, wird für einen kurzen Moment in höllische Flammen gehüllt.<br>Sie muss einen DEX-Rettungswurf machen.<br>Bei Fehlschlag: 2W10 Feuerschaden, sonst die Hälfte<br><br><b>Auf höheren Level gewirkt:</b> pro Level 1W10 mehr Schaden;Infernales Erbe;
2;Kinetische Bewegung;Level 2 Verwandlungsmagie;1 Bonus Aktion;Selbst;G;Konzentration, bis zu 1 min;Du verstärkst deine Bewegung magisch mit einem der folgenden Effekte:<br><br> * Deine Bewegungsgeschwindigkeit steigt um 3 m.<br><br> * Du provozierst keine Gelegenheitsangriffe.<br><br> * Du kannst normal durch den Bereich einer anderen Kreatur gehen. Wenn du deinen Zug im Bereich einer anderen Kreatur beendest, wirst du zur letzten freien Stelle gestoßen und nimmst 1W8 Energieschaden.;Zauberer;
2;Klopfen;Level 2 Verwandlungsmagie;1 Aktion;18 m;V;Unmittelbar;Wähle einen Gegenstand, der magisch oder gewöhnlich verschlossen ist.<br>Ein gewöhnlich verschlossenes Ziel wird geöffnet, bei mehreren Schlössern aber nur 1 dieser.<br>Bei einem mit „Arkanes Schloss“ verriegelten Gegenstand wird der Zauber für 10 min unterdrückt. In dieser Zeit kann das Ziel normal geöffnet und geschlossen werden.<br>Der Zauber verursacht ein 90 m weit hörbares Klopfgeräusch.;Zauberer;
2;Krone des Wahnsinns;Level 2 Verzauberung;1 Aktion;36 m;V, G;Konzentration, bis zu 1 min;Ein Humanoid, deiner Wahl in Reichweite, muss einen WIS-Rettungswurf bestehen oder wird für die Wirkungsdauer von dir bezaubert. Das Ziel wird mit einer verdrehten Krone aus Eisen auf seinem Kopf markiert und die Augen leuchten wahnsinnig.<br>Das Ziel muss am Anfang jeder Runde einen Nahkampfangriff gegen ein Ziel deiner Wahl ausführen.<br>Es bewegt sich normal, wenn kein Ziel gewählt wurde oder keines in Reichweite ist.<br>In den folgenden Zügen musst du deine Aktion nutzen, um die Kontrolle über das Ziel zu behalten. Außerdem kann das Ziel in jeder Runde einen WIS-Rettungswurf machen, bei Erfolg endet der Zauber.;Zauberer;
2;Luftblase;Level 2 Beschwörung;1 Aktion;18 m;G;24 h;Du erschaffst eine spektrale Kugel um einen Kopf einer willigen Kreatur, die du in Reichweite sehen kannst. Die Kugel ist für die Wirkungsdauer mit frischer Luft gefüllt.<br><br><b>Auf höheren Level gewirkt:</b> pro Level 2 zusätzliche Kugeln;Zauberer;
2;Macht der Vorstellungskraft;Level 2 Illusionsmagie;1 Aktion;18 m;V, G, M;Konzentration, bis zu 1 min;(Vlies) Du erschaffst eine Illusion, die sich im Geist einer Kreatur in Reichweite festsetzt, das du sehen kannst.<br>Das Ziel muss einen INT-Rettungswurf machen.<br>Bei Fehlschlag: Ein Fantasieobjekt, das nicht größer als ein 3 m Würfel ist wird für die Wirkungsdauer für dein Ziel wahrnehmbar.<br>Die Fantasie umfasst Geräusche, Temperatur und andere Reize, die nur das Ziel wahrnimmt.<br>Das Ziel kann die Fantasie mit einem Nachforschung-Wurf untersuchen.<br>Bei Erfolg: Illusion erkannt und der Zauber endet.<br>Während die Illusion wirkt, behandelt das Ziel die Fantasie, als wäre sie real und rationalisiert alle unlogischen Interaktionen. Es kann auch Schaden durch die Illusion nehmen (imaginäre Kreatur kann das Ziel angreifen, Säure, Lava oder Feuer können schaden). In jeder deiner Runden kann die Fantasie dem Ziel 1W6 physischen Schaden zufügen, wenn es im Bereich oder einem 1,5 m Umkreis ist, vorausgesetzt die Illusion stellt eine Kreatur oder Gefahr dar.<br>Der Zauber hat keine Wirkung auf Untote oder Konstrukte.;Zauberer;
2;Magische Waffe;Level 2 Verwandlungsmagie;1 Bonus Aktion;Berührung;V, G;1 h;Du berührst eine nichtmagische Waffe.<br>Bis der Zauber endet wird die Waffe magisch und hat einen +1 Bonus auf Angriffs- und Schadenswürfe.<br>Der Zauber endet früher, wenn du den Zauber erneut wirkst.<br><br><b>Auf höheren Level gewirkt:</b> Bonus auf +2 bei Level 3-5 Platz und +3 bei Level 6 oder höheren Platz;Zauberer;
2;Maximilians Erdgriff;Level 2 Verwandlungsmagie;1 Aktion;9 m (1,5 m Würfel);V, G, M;Konzentration, bis zu 1 min;(Miniatur Hand aus Lehm) Wähle einen freien Ort in Reichweite, den du sehen kannst. Eine Hand mittlerer Größe aus kompakter Erde erscheint dort und greift nach einem Wesen in 1,5 m Entfernung, das du sehen kannst.<br>Das Ziel muss einen STR-Rettungswurf machen.<br>Bei Fehlschlag: 2W6 Hiebschaden und für die Wirkungsdauer gefesselt<br>Als Aktion kann die Hand das Ziel quetschen. Das Ziel muss erneut einen STR-Rettungswurf machen.<br>Bei Fehlschlag: 2W6 Hiebschaden, sonst die Hälfte<br>Die Kreatur kann sich mit einem STR-Wurf gegen deinen Zauberrettung-SG machen.<br>Bei Erfolg: Ziel entkommt und ist nicht mehr von der Hand gefesselt<br>Als Aktion kann die Hand ein anderes Wesen greifen oder sich in Reichweite bewegen. Bei diesen Aktionen wird ein bereits gefesseltes Ziel losgelassen.;Zauberer;
2;Nathair's Unfug;Level 2 Illusionsmagie;1 Aktion;18 m;G, M;Konzentration, bis zu 1 min;(Krustenstück von einem Apfelkuchen) Du füllst einen 6 m Würfel mit Feen- und drakonischer Magie.<br>Würfle 1W4 um den magischen Effekt zu bestimmen.<br>Wiederhole den Wurf am Anfang von jedem deiner Züge bis der Zauber endet. Pro Wurf kannst du den Würfel um 3 m verschieben.;Zauberer;
2;Nebelschritt;Level 2 Beschwörung;1 Bonus Aktion;Selbst;V;Unmittelbar;Du wirst von silbrigem Nebel umgeben und teleportierst dich bis zu 9 m weit an eine freie Stelle, die du sehen kannst.;Zauberer;
2;Netz;Level 2 Beschwörung;1 Aktion;18 m (6 m Würfel);V, G, M;Konzentration, bis zu 1 h;(wenig Spinnennetz) Du beschwörst ein dichtes, klebriges Netz in einem 6 m Würfel an einem Ort deiner Wahl in Reichweite. Die Netze sind schwieriges Terrain und verschleiern den Bereich leicht.<br>Es muss zwischen Mauern, Wänden, Bäumen oder über den Fußboden, eine Wand oder eine Ecke gespannt sein. Ansonsten fällt es am Beginn deines nächsten Zuges in sich zusammen.<br>Ein gespanntes Netz hat eine Dicke von 1,5 m.<br>Jede Kreatur, die den Zug in dem Netz beginnt oder das Netz betritt, muss einen DEX-Rettungswurf machen.<br>Bei Fehlschlag: festgesetzt, solange es in den Netzen ist oder bis es sich befreit.<br>Eine festgesetzte Kreatur kann als Aktion einen STR-Rettungswurf machen.<br>Bei Erfolg: nicht mehr festgesetzt.<br>Die Netze sind brennbar und verbrennen innerhalb eines 1,5 m Würfels innerhalb von einer Runde. Alle Kreaturen, die ihren Zug innerhalb des verbrennenden Bereichs beginnen, erhalten 2W4 Feuerschaden.;Zauberer;
2;Person festhalten;Level 2 Verzauberung;1 Aktion;18 m;V, G, M;Konzentration, bis zu 1 min;(kleines gerades Stück Eisen) Wähle einen Humanoid in Reichweite, den du sehen kannst.<br>Das Ziel muss einen WIS-Rettungswurf erfolgreich bestehen oder es wird für die Wirkungsdauer gelähmt.<br>Am Ende jedes seiner Züge kann es einen weiteren WIS-Rettungswurf machen, bei Erfolg endet der Zauber.<br><br><b>Auf höheren Level gewirkt:</b> pro Level 1 Humanoid mehr als Ziel. Die Ziele dürfen nicht mehr als 9 m voneinander entfernt sein.;Zauberer;
2;Portal-Sinn;Level 2 Erkenntnismagie;1 Aktion;Selbst (9 m Sphäre);V, G, M;Konzentration, bis zu 1 min;(ein Rasierklingenreben-Blatt) Für die Wirkungsdauer spürst du die Anwesenheit von Portalen, auch inaktive, in einer 9 m Sphäre um dich herum.<br>Wenn du ein Portal findest, kannst du deine Aktion nutzen um das Portal zu studieren. Mache einen SG 15 Fähigkeitenwurf mit deinem Zauberfähigkeit-Modifikator.<br>Bei Erfolg: du kennst das Ziel des Portals und den Schlüssel, falls es einen braucht.<br>Bei Fehlschlag: du lernst nichts und kannst das Portal nicht studieren bis du den Zauber erneut wirkst.<br>Der Zauber wird blockiert durch 30 cm Stein, 2,5 cm Metall, ein dünnes Bleiblech oder 1 m Holz oder Erde. ;Zauberer;
2;Rimes Bindendes Eis;Level 2 Hervorrufung;1 Aktion;Selbst (9 m Kegel);G, M;Unmittelbar;(eine Viole Schmelzwasser) Eine Explosion kalter Energie strömt von dir in einem 9 m Kegel aus.<br>Jede Kreatur in dem Bereich muss einen CON-Rettungswurf machen.<br>Bei Fehlschlag: 3W8 Kälteschaden und es wird, für 1 min oder bis eine andere Kreatur in Recihweite eine Aktionverwendet um das Eis zu brechen, durch eine Eisformation behindert. Eine gehinderte Kreatur kann sich nicht bewegen.<br>Bei Erfolg: Die Hälfte des Schadens und nicht durch das Eis behindert.<br><br><b>Auf höheren Level gewirkt:</b> pro Level 1W8 mehr Kälteschaden;Zauberer;
2;Schattenklinge;Level 2 Illusionsmagie;1 Bonus Aktion;Selbst;V, G;Konzentration, bis zu 1 min;Du erschaffst für die Wirkungsdauer eine Klinge aus Schatten in deiner Hand.<br>Es zählt als einfache Nahkampfwaffe, mit der du geübt bist, und das die Eigenschaften Leicht, Finesse und Geworfen mit einer Reichweite () hat. Es macht bei Treffer 2W8 psychischen Schaden. Gegen eine Kreatur in gedimmten Licht oder in Dunkelheit hast du Vorteil beim Angriffswurf.<br>Wenn du die Waffe loslässt oder wirfst, verschwindet sie am Ende deines Zuges. Für die restliche Wirkungsdauer kannst du das Schwert durch eine Bonus Aktion erneut hervorrufen.<br><br><b>Auf höheren Level gewirkt:</b> Level 3 / 4 Platz: 3W8 psychischer Schaden, Level 5 / 6 Platz: 4W8 psychischer Schaden, Level 7 oder höherer Platz: 5W8 psychischer Schaden;Zauberer;
2;Schutzwind;Level 2 Hervorrufung;1 Aktion;Selbst (3 m Sphäre);V;Konzentration, bis zu 10 min;Ein starker Wind (32 km/h) weht in einem 3 m Radius um dich herum, bewegt sich, zentriert auf dich mit dir mit.<br>Der Wind hält für die Dauer des Zaubers an.<br>Macht dich und andere Kreaturen in seinem Bereich taub. Löscht ungeschützte Flammen der Größe einer Fackel und kleiner in seinem Bereich.<br>Sein Gebiet ist für andere Kreaturen schwieriges Terrain. Fernangriffe durch den Wind durch haben Nachteil.<br>Vertreibt Dampf, Gas und Nebel, die durch den starken Wind zerstreut werden.;Zauberer;
2;Schweben;Level 2 Verwandlungsmagie;1 Aktion;18 m;V, G, M;Konzentration, bis zu 10 min;(kleine Lederschlaufe oder ein Becher aus Golddraht) Eine Kreatur oder ein Gegenstand deiner Wahl in Reichweite steigt 6 m empor und verbleibt für die Wirkungsdauer senkrecht schwebend in der Luft. Das Ziel kann maximal 250 kg wiegen.<br>Ein unwillige Kreatur aknn einen CON-Rettungswurf erfolgreichen ablegen um nicht betroffen zu werden.<br>Ein fliegendes Ziel kann sich nur über Abstoßen an festen Oberflächen oder Gegenständen bewegen oder sich selbst anheben oder absenken. Dabei gilt die Klettergeschwindigkeit.<br>Du kannst das Ziel in deinem Zug auch weitere 6 m anheben oder absinken oder selbst innerhalb der Reichweite bewegen.<br>Wenn der Zauber endet und das Ziel noch schwebt, sinkt es langsam zu Boden.;Zauberer;
2;Sengender Strahl;Level 2 Hervorrufung;1 Aktion;36 m;V, G;Unmittelbar;Du erschaffst 3 Feuerstrahlen und schleuderst sie auf 1 oder mehrere Ziele in Reichweite.<br>Führe für jeden Strahl einen Fernkampf-Zauberangriff aus.<br>Bei Treffer: 2W6 Feuerschaden<br><br><b>Auf höheren Level gewirkt:</b> pro Level 1 zusätzlicher Strahl;Zauberer;
2;Snillocs Schneeballschwarm;Level 2 Hervorrufung;1 Aktion;27 m (1,5 m Sphäre);V, G, M;Unmittelbar;(Stück Eis oder ein kleiner weißer Steinsplitter) Ein Wirbel magischer Schneebälle bricht von einem Punkt deiner Wahl in Reichweite aus los.<br>Jede Kreatur in einem 1,5 m Umkreis von dort muss einen DEX-Rettungswurf machen.<br>Bei Fehlschlag: 3W6 Kälteschaden, sonst die Hälfte<br><br><b>Auf höheren Level gewirkt:</b> pro Level 1W6 mehr Schaden;Zauberer;
2;Spiegelbilder;Level 2 Illusionsmagie;1 Aktion;Selbst;V, G;1 min;3 illusionäre Duplikate deiner selbst erscheinen in deinem Bereich. Bis der Zauber endet bewegen sich die Duplikate mit dir, ahmen deine Aktionen nach und verändern ihre Position, so dass es unmöglich ist zu erkennen, welche Gestalt real ist.<br>Jedes Mal, wenn dich ein Wesen während der Wirkungsdauer angreift, würfle einen W20, um zu bestimmen, ob der Angriff stattdessen eines deiner Duplikate als Ziel hat. Bei 3 Duplikaten: 6 oder höher. Bei 2 Duplikaten 8 oder höher. Bei 1 Duplikat: 11 oder höher. Die RK der Duplikate ist 10 + dein DEX-Modifikator.<br>Wenn ein Angriff ein Duplikat trifft, wird dieses zerstört. Es ignoriert alle anderen Schadensquellen und Effekte. Der Zauber endet, wenn alle 3 Duplikate zerstört wurden.<br>Eine Kreatur ist nicht betroffen, wenn sie blind ist, andere Sinne als Sicht verwendet (Blindsicht) oder Illusionen durchschaut (Wahrer Blick).;Zauberer;
2;Spinnenklettern;Level 2 Verwandlungsmagie;1 Aktion;Berührung;V, G, M;Konzentration, bis zu 1 h;(ein Tropfen Bitumen und eine Spinne) Eine willige Kreatur, die du berührst, erhält für die Wirkungsdauer die Fähigkeit sich in alle Richtungen und mit freien Händen über senkrechte Oberflächen, sowie Ecken zu bewegen. Die Klettergeschwindigkeit entspricht der Laufgeschwindigkeit.;Zauberer;
2;Staubteufel;Level 2 Beschwörung;1 Aktion;18 m (1,5 m Würfel);V, G, M;Konzentration, bis zu 1 min;(Prise Staub) Wähle einen unbesetzten Ort mit einem 1,5 m Würfel Luft in Reichweite den du sehen kannst. Ein elementarer Staubteufel erscheint in dem Würfel und hält für die Wirkungsdauer des Zaubers an.<br>Jede Kreatur, die ihren Zug mit 1,5 m Abstand zu dem Staubteufel beendet muss einen STR-Rettungswurf machen.<br>Bei Fehlschlag: 1W8 Wuchtschaden und wird 3 m von Staubteufel weggeschleudert<br>Bei Erfolg: Halb so viel Schaden und nicht weggestoßen.<br>Als Bonus Aktion kann sich der Staubteufel bis zu 9 m in eine beliebige Richtung bewegen. Staub, Kies, Sand und loser Schmutz wird dabei aufgesammelt und bildet eine Trümmerwolke mit 3 m Radius bis zum Beginn deines nächsten Zuges. Die Wolke verdunkelt das Gebiet stark.<br><br><b>Auf höheren Level gewirkt:</b> pro Level 1W8 mehr Schaden;Zauberer;
2;Tasha's Gedanken Peitsche;Level 2 Verzauberung;1 Aktion;27 m;V;1 Runde (6 s);Du schlägst psychisch auf eine Kreatur, die du, in Reichweite, sehen kannst, ein.<br>Das Ziel muss einen INT-Rettungswurf machen.<br>Bei Fehlschlag: 3W6 psychischer Schaden und es kann bis zum Ende seines nächsten Zuges keine Reaktion machen. Außerdem muss es sich in seinem nächsten Zug entscheiden ob es sich bewegt, eine Aktion macht oder eine Bonus Aktion macht (1 der 3).<br>Bei Erfolg: die Hälfte des Schadens und keine weiteren Effekte.<br><br><b>Auf höheren Level gewirkt:</b> pro Level 1 weitere Kreatur. Die Ziele müssen in 9 m zueinander sein.;Zauberer;
2;Unsichtbares Sehen;Level 2 Erkenntnismagie;1 Aktion;Selbst;V, G, M;1 h;(Prise Tale und kleine Prise Silberpulver) Für die Wirkungsdauer siehst du unsichtbare Kreaturen und Gegenstände.<br>Außerdem kannst du in die Ätherebene blicken. Ätherische Wesen und Gegenstände erscheinen geisterhaft und durchscheinend.;Zauberer;
2;Unsichtbarkeit;Level 2 Illusionsmagie;1 Aktion;Berührung;V, G, M;Konzentration, bis zu 1 h;(eine Wimper) Eine Kreatur, die du berührst, wird unsichtbar, bis der Zauber endet.<br>Alles, was das Ziel trägt, wird unsichtbar, solange es an der Person bleibt.<br>Der Zauber endet, sobald das Ziel einen Angriff ausführt oder selbst einen Zauber wirkt.<br><br><b>Auf höheren Level gewirkt:</b> pro Level 1 weitere Kreatur wählbar;Zauberer;
2;Vergrößern / Verkleinern;Level 2 Verwandlungsmagie;1 Aktion;9 m;V, G, M;Konzentration, bis zu 1 min;(Prise Eisenpulver) Wenn das Ziel eine Kreatur ist, verändert sich auch die Ausrüstung. Wird ein Gegenstand fallen gelassen, kehrt dieser sofort zu seiner normalen Größe zurück.<br><b>Vergrößern:</b> Die Größe des Ziels verdoppelt sich in alle Richtungen und sein Gewicht wird mit 8 multipliziert. Dadurch steigt die Größen-Klasse um 1. Wenn nicht genug Platz vorhanden ist, wird das Wesen so groß wie die Umgebung erlaubt. Bis der Zauber endet ist das Ziel bei allen STR-Würfen im Vorteil. Vergrößerte Waffen fügen 1W4 mehr Schaden zu.<br><b>Verkleinern:</b> Die Größe des Ziels halbiert sich und sein Gewicht wird auf 1/8 verringert. Dadurch verringert sich die Größen-Klasse um 1. Bis der Zauber endet, ist das Ziel bei allen STR-Würfen im Nachteil. Verkleinerte Waffen fügen 1W4 weniger Schaden zu, aber nicht weniger als 1.;Zauberer;
2;Verschwimmen;Level 2 Illusionsmagie;1 Aktion;Selbst;V;Konzentration, bis zu 1 min;Alle, die dich sehen können, nehmen deinen Körper als unscharf und oszillierend wahr.<br>Während der Wirkungsdauer sind Wesen bei Angriffswürfen gegen dich im Nachteil.<br>Angreifer, die nicht auf ihre Sicht angewiesen sind (Blindsicht) oder Illusionen durchschauen können (Wahrer Blick) sind gegen diesen Effekt immun.;Zauberer;
2;Welken und Blühen;Level 2 Nekromantie;1 Aktion;18 m (3 m Sphäre);V, G, M;Unmittelbar;(eine verwelkte Ranke zu einer Schlaufe gedreht) Du erschaffst eine Sphäre mit 3 m Radius, zentriert auf einen Punkt in Reichweite.<br>Jede Kreatur deiner Wahl in der Sphäre muss einen CON-Rettungswurf machen.<br>Bei Fehlschlag: 2W6 nekrotischer Schaden, sonst die Hälfte<br>Zusätzlich kannst du eine Kreatur in der Sphäre wählen, die 2W6 an TP geheilt wird.<br>Nichtmagische Pflanzen in der Sphäre verwelken.;Zauberer;
2;Windstoß;Level 2 Hervorrufung;1 Aktion;Selbst (18 m x 3 m Linie);V, G, M;Konzentration, bis zu 1 min;(Samen einer Hülsenfrucht) Für die Wirkungsdauer weht ein starker Wind in einer 18 m langen und 3 m breiten Linie von dir ausgehend in eine Richtung deiner Wahl.<br>Jede Kreatur, die ihren Zug innerhalb des Windes beginnt, muss einen STR-Rettungswurf bestehen oder sie wird 4,5 m entlang der Linie zurückgestoßen.<br>Innerhalb der Linie ist schwieriges Terrain.<br>Der Windstoß zerstreut Dampf oder Gas und löscht Kerzen, Fackeln und ähnliche ungeschützte Flammen. Geschützte Flammen, flackern wild und haben eine 50% Chance gelöscht zu werden.<br>Als Bonus Aktion kannst du in jedem deiner Züge während der Wirkungsdauer die Windrichtung ändern.;Zauberer;
2;Wirbelkrümmung;Level 2 Beschwörung;1 Aktion;27 m;V, G;Unmittelbar;Du krümmst den Raum um eine Kreatur in Reichweite, die du sehen kannst.<br>Das Ziel muss einen CON-Rettungswurf machen.<br>Bei Fehlschlag: es wrid zu einer freien Stelle in Reichweite teleportiert, die du sehen kannst. Die Stelle muss so sein, dass das Ziel komfortabel dahin passt.<br>Eine Kreatur kann willentlich fehlschlagen.<br><br><b>Auf höheren Level gewirkt:</b> pro Level 9 m mehr Reichweite;Zauberer;
2;Zerbersten;Level 2 Hervorrufung;1 Aktion;18 m;V, G, M;Unmittelbar;(Mica-Splitter) Von einem Punkt deiner Wahl in Reichwiete geht ein lautes klingelndes Geräusch aus.<br>Alle Kreaturen in einem 3 m Radius des Punktes müssen einen CON-Rettungswurf ausführen.<br>Bei Fehlschlag erleiden die Wesen 3W8 Schallschaden, sonst die Hälfte.<br>Kreaturen aus anorganischem Material sind beim Rettungswurf im Nachteil.<br>Nichtmagische Objekte, die nicht getragen werden, erleiden innerhalb des Bereichs den gleichen Schaden.<br><br><b>Auf höheren Level gewirkt:</b> pro Level 1W8 mehr Schaden;Zauberer;
3;Furcht;Level 3 Illusionsmagie;1 Aktion;Selbst (9 m Kegel);V, G, M;Konzentration, bis zu 1 min;(weie Feder) Jede Kreatur in einem 9 m Kegel von dir aus muss einen WIS-Rettungswurf schaffen oder lässt alles los was sie hält und ist während der Wirkungsdauer verängstigt.<br>Eine verängstigte Kreatur muss die Sprint-Aktion machen um, auf einem sicheren Weg, so weit von dir weg zu kommen wie möglich. Wenn die Kreatur keine Sichtlinie mehr auf dich hat, mahct sie einen neuen WIS-Rettungswurf. Bei Erfolg endet der Zauber auf der Kreatur.;Ring des Tierumgangs;
